<?xml version="1.0" encoding="UTF-8" standalone="yes"?>
<addon id="repository.israelwizard"
       name="Israel Wizard Repository"
       version="1.0.4"
       provider-name="Israel Kodi Community">
    
    <extension point="xbmc.addon.repository" name="Israel Wizard Repository">
        <info compressed="false">https://jacquelynnale.github.io/kodirealdebridisraelwizard/addons.xml</info>
        <checksum>https://jacquelynnale.github.io/kodirealdebridisraelwizard/addons.xml.md5</checksum>
        <datadir zip="true">https://jacquelynnale.github.io/kodirealdebridisraelwizard/zips/</datadir>
    </extension>
    
    <extension point="xbmc.addon.metadata">
        <summary lang="he_IL">מאגר ישראל וויזארד</summary>
        <summary lang="en_GB">Israel Wizard Repository</summary>
        <description lang="he_IL">המאגר הרשמי של ישראל וויזארד. מכיל את האשף והעדכונים.</description>
        <description lang="en_GB">Official Israel Wizard repository. Contains the wizard and updates.</description>
        <platform>all</platform>
        <assets>
            <icon>icon.png</icon>
            <fanart>fanart.jpg</fanart>
        </assets>
    </extension>
</addon>
